Affix,Variant,Definition,Chinese_Character
a-,0,Not or without.,无
a-,1,"Towards, of, in, into or at; marking some ongoing process or state; movement onwards or away.",向
-a,0,Forming singular words of various types.,单
-a,1,The plural of certain nouns of Latin or Greek origin.,复
-a,2,Informal terms in spoken English.,口语
ab-,0,"Off, away, or from.",远
abdomino-,0,The abdomen.,未知
-able,0,Able to be.,能
-ac,0,Forming adjectives and nouns.,未知
acantho-,0,Spiny or thorny.,未知
acaro-,0,A mite or tick.,未知
-acea,0,Groups of animals.,未知
-aceae,0,Families of seed-bearing plants.,未知
-aceous,0,Forming adjectives.,未知
aceto-,0,Acetic acid or the acetyl group.,未知
acido-,0,Acid; sharp or sour.,未知
-acious,0,"Inclined to, given to, or having as a capacity.",未知
acousto-,0,Sound or hearing.,未知
acro-,0,"A tip, height, or extremity.",未知
acrylo-,0,Acrylic.,未知
actino-,0,A ray or beam.,未知
-acusis,0,A condition of the hearing.,未知
ad-,0,"Motion or direction to; reduction or change into; addition, increase, or intensification.",向
-ad,0,Collective numerals; nymphs.,未知
-ad,1,Indicating a direction towards some part of the body.,未知
-ade,0,"Denoting an action, its result, or something associated with it.",未知
adeno-,0,A gland.,未知
adipo-,0,Fat or fatty tissues.,未知
-ado,0,"Forming a variety of words based on Portuguese, Spanish, or Italian originals.",未知
adreno-,0,The adrenal glands.,未知
-ae,0,Forming plurals.,未知
-aemia,0,"A substance present in the blood, especially in excess.",未知
aero-,0,Air or another gas; the atmosphere; aircraft.,未知
afore-,0,Before or previously.,未知
Afro-,0,Africa; African and �,未知
-age,0,Forming nouns.,未知
-agogue,0,Leading or promoting.,未知
-agra,0,Pain in some part of the body.,未知
agro-,0,Farming; cultivation.,未知
-aholic,0,A person excessively fond of something.,未知
-aire,0,A person characterized by or linked to the idea in the stem.,未知
-al,0,Forming adjectives and some nouns.,未知
-al,1,An aldehyde.,未知
alb-,0,White or bright.,未知
aldo-,0,An aldehyde.,未知
-ales,0,Orders of plants.,未知
-algia,0,"Pain, usually in a specified part of the body.",未知
algo-,0,Pain.,未知
-alia,0,A collection or group.,未知
allo-,0,Other; different.,未知
alumino-,0,Aluminium.,未知
ambi-,0,On both sides; around.,两
amido-,0,The CONH2- group in chemical compounds.,未知
amino-,0,"The amine group, NH2�.",未知
amnio-,0,The amnion.,未知
amphi-,0,"Variously two, both, on both sides, or around.",未知
amylo-,0,Starch.,未知
ana-,0,"Variously up, back, or again.",未知
-ana,0,"Things associated with a person, place, or field of interest.",未知
-ance,0,A state or quality; a process or action.,未知
-and,0,A person or thing to be treated in a specified way.,未知
andro-,0,Male or maleness.,未知
-androus,0,Maleness.,未知
-ane,0,Saturated straight-chain (aliphatic) hydrocarbons.,未知
-ane,1,Forming adjectives.,未知
anemo-,0,The wind.,未知
angio-,0,Blood or seed vessels.,未知
-angium,0,A container.,未知
Anglo-,0,English or British; English or British and �,未知
aniso-,0,"Unequal, asymmetrical, dissimilar.",未知
ankylo-,0,Bent or crooked; stiff or fixed.,未知
-ant,0,Forming adjectives and nouns.,未知
ante-,0,Before or preceding.,未知
antero-,0,Nearer the front of the body; forward in time.,未知
antho-,0,A flower or flowers.,未知
anthraco-,0,Coal or carbon; a carbuncle.,未知
anthropo-,0,"Human, or of a human being.",未知
-anthropy,0,"Human, or humankind.",未知
anti-,0,"Acting against, resisting, or opposing something; the opposite or reverse of something.",反
apico-,0,A point or apex.,未知
apo-,0,Away from; separate from.,未知
apres-,0,A period following some activity.,未知
aqua-,0,Water.,未知
-ar,0,Forming adjectives.,未知
-ar,1,Forming nouns.,未知
arachno-,0,A spider or spiders.,未知
arbori-,0,A tree or trees.,未知
arch-,0,Chief; principal; pre-eminent of its kind.,未知
archaeo-,0,Ancient or prehistoric times.,未知
-archy,0,Government; rule of a particular type; a chief or ruler.,未知
-ard,0,Forming nouns.,未知
areo-,0,The planet Mars.,未知
argento-,0,Silver.,未知
-arian,0,Forming adjectives and corresponding nouns.,未知
-arious,0,Connected with; pertaining to.,未知
-arium,0,"A place or container connected with, or employed for, some purpose.",未知
arseno-,0,Arsenic.,未知
arterio-,0,An artery.,未知
arthro-,0,A joint.,未知
-ary,0,Forming nouns.,的
-ary,1,Forming adjectives.,地点
asco-,0,A bag or sac.,未知
-ase,0,An enzyme.,未知
-asis,0,A disease or other medical condition.,未知
-ast,0,A person connected with a pursuit or activity.,未知
-aster,0,Inferior; a poor imitation.,未知
astro-,0,A star or other celestial body; outer space; star-shaped.,未知
-ate,0,Forming nouns.,未知
-ate,1,Forming adjectives.,未知
-ate,2,Forming verbs.,未知
athero-,0,An atheroma.,未知
-athon,0,"An event long in duration, usually for fund-raising purposes.",未知
-ati,0,Groups of people.,未知
-atic,0,"Forming adjectives, and some nouns.",未知
-atile,0,"Possibility, potential, or ability.",未知
-ation,0,"An action, or an instance of an action.",未知
-ative,0,Characteristic or predisposed.,未知
atto-,0,"In units of measurement, a factor of 10-18.",未知
audio-,0,Hearing or sound.,未知
auri-,0,Gold.,未知
Austro-,0,Austria; Austria and �,未知
Austro-,1,Australia; Australia and �; southern.,未知
auto-,0,Self; oneself; by itself.,自
auto-,1,An automobile or motor vehicle.,未知
auxo-,0,Growth or increase.,未知
avi-,0,A bird or birds; flight.,未知
axo-,0,An axis.,未知
azo-,0,Nitrogen; the chemical radical -N=N-.,未知
bacill-,0,A bacillus.,未知
-bacter,0,A genus of bacteria.,未知
bacterio-,0,Bacteria.,未知
baro-,0,Pressure.,未知
basi-,0,A base or basis.,未知
basidio-,0,A basidium.,未知
bathy-,0,Depth.,未知
be-,0,Forming verbs and adjectives.,未知
bene-,0,Good; well.,未知
benzo-,0,Benzene.,未知
bi-,0,Two; having two; doubly.,未知
biblio-,0,A book or books.,未知
bili-,0,Bile.,未知
bio-,0,Life; living things.,未知
-biosis,0,A mode of life.,未知
-blast,0,An immature or embryonic cell.,未知
blasto-,0,Germination.,未知
blepharo-,0,The eyelid.,未知
boro-,0,Boron.,未知
-bot,0,Automatic or autonomous device or software program.,未知
botryo-,0,A bunch of grapes.,未知
brachio-,0,An arm.,未知
brachy-,0,Shortness.,未知
brady-,0,Slowness.,未知
branchio-,0,Gills.,未知
Brit-,0,British.,未知
bromo-,0,Bromine.,未知
broncho-,0,The bronchi.,未知
bryo-,0,Moss.,未知
bucco-,0,The cheek.,未知
but-,0,Four-carbon chains of atoms.,未知
by-,0,Subordinate; incidental; secondary.,未知
caco-,0,"Unpleasant, bad, or incorrect.",未知
-cade,0,A procession or show.,未知
calci-,0,Lime or calcium.,未知
calli-,0,Beautiful.,未知
carbo-,0,Carbon.,未知
carboxy-,0,The carboxyl group.,未知
carcino-,0,Cancer.,未知
cardio-,0,The heart.,未知
-cardium,0,Tissue related to the heart.,未知
-carp,0,A fruit or fruiting body.,未知
cata-,0,"Movement downwards; figuratively, wrong or inferior.",未知
-cele,0,"A tumour, swelling, or hernia.",未知
-cene,0,A division of geological time.,未知
-centesis,0,A puncture or perforation of a body cavity.,未知
centi-,0,One hundredth; a multiple of a hundred.,未知
centri-,0,A centre.,未知
-centric,0,Having a specified centre.,未知
-cephalic,0,The head.,未知
cephalo-,0,The head.,未知
cerebro-,0,The brain.,未知
cervico-,0,The cervix; the neck.,未知
ceto-,0,A whale.,未知
-chaete,0,A bristle or seta.,未知
chaeto-,0,Hair.,未知
chalco-,0,Copper.,未知
cheilo-,0,A lip.,未知
cheli-,0,A claw.,未知
chemo-,0,Chemistry; chemical compounds; chemical reactions.,未知
chili-,0,A thousand.,未知
chiro-,0,A hand.,未知
chloro-,0,The colour green.,未知
choano-,0,A funnel.,未知
chole-,0,Bile or gall.,未知
chondro-,0,A cartilage; a grain.,未知
chorio-,0,The chorion or choroid.,未知
Christo-,0,Christ.,未知
-chroic,0,Having colour of a given type.,未知
-chrome,0,Colour.,未知
chromo-,0,Colour; chromium.,未知
-chronic,0,Time.,未知
chrono-,0,Time.,未知
chryso-,0,Gold; gold-coloured.,未知
-cide,0,A person or substance that kills; an act of killing.,未知
cine-,0,The cinema; film.,未知
circum-,0,Around or about.,未知
cirro-,0,"A tuft, curl, or tendril.",未知
cis-,0,On this side of; on the side nearer the speaker.,未知
clado-,0,A branch or branching.,未知
-clase,0,Minerals showing characteristic cleavage.,未知
-clinic,0,"Oblique, reclining, at an angle.",未知
clino-,0,Inclined; monoclinic.,未知
cocci-,0,A small spherical body.,未知
-coccus,0,A spherical bacterium.,未知
-coel,0,A body cavity.,未知
coelo-,0,A cavity.,未知
colo-,0,The colon.,未知
-colous,0,Living in or preferring a given environment.,未知
colpo-,0,The vagina.,未知
com-,0,Joint; mutual.,未知
contra-,0,"Against, contrary.",未知
copro-,0,Dung or faeces.,未知
-core,0,A musical genre.,未知
cosmo-,0,The world; the universe.,未知
costo-,0,A rib or ribs.,未知
counter-,0,"Opposition, retaliation, or rivalry.",未知
-cracy,0,"Government, rule, or influence.",未知
cranio-,0,The cranium.,未知
cross-,0,Movement or position across something; transverse; interaction; cross-shaped; marked with a cross.,未知
cryo-,0,Involving or producing cold.,未知
crypto-,0,Concealed or secret.,未知
crystallo-,0,A crystal or crystals.,未知
cteno-,0,A comb.,未知
-cule,0,Forming nouns.,未知
-culture,0,Cultivation or husbandry.,未知
cupro-,0,Copper.,未知
-cy,0,"An abstract state, condition, or quality; a rank or status.",未知
cyano-,0,"The colour blue, especially dark blue; cyanide or a derivative.",未知
cyber-,0,Computer-mediated electronic communications.,未知
cyclo-,0,"A circle, circular movement, or regular repetition.",未知
cyno-,0,A dog.,未知
cysto-,0,The urinary bladder.,未知
-cyte,0,A cell.,未知
cyto-,0,A cell.,未知
dacryo-,0,Tears.,未知
dactylo-,0,Fingers or toes.,未知
-dactyly,0,Having fingers or toes of a given type.,未知
de-,0,Forming verbs and their derivatives.,未知
deca-,0,Ten.,未知
decem-,0,Ten.,未知
deci-,0,One tenth.,未知
-decker,0,Having a specified number of decks or layers.,未知
dehydro-,0,Loss of hydrogen.,未知
-delic,0,Of attitudes or activities relating to a given type of experience.,未知
demi-,0,Half; partially.,未知
demo-,0,The people.,未知
demono-,0,Demons.,未知
dendro-,0,A tree or trees.,未知
-dendron,0,A shrub or tree.,未知
denti-,0,A tooth; tooth-like.,未知
deoxy-,0,Loss of oxygen.,未知
-derm,0,Skin; covering.,未知
-derma,0,A disorder of the skin.,未知
dermato-,0,The skin.,未知
desmo-,0,A bond or chain.,未知
deutero-,0,Second; secondary.,未知
dextro-,0,On or to the right.,未知
di-,0,"Twice, two, double.",未知
dia-,0,"Through, across.",未知
dicho-,0,In two parts; paired.,未知
dictyo-,0,A net.,未知
digiti-,0,A finger; finger-like.,未知
dino-,0,"Terrible, frightful; dinosaur.",未知
diplo-,0,Double.,未知
dis-,0,Expressing a variety of negative senses.,未知
disco-,0,A disc; disc-shaped.,未知
docu-,0,A documentary programme.,未知
dodeca-,0,Twelve.,未知
dolicho-,0,Long.,未知
-dom,0,Forming abstract or collective nouns.,未知
dorsi-,0,The back.,未知
-dox,0,An opinion or view.,未知
-drome,0,Running or racing; proceeding in a given way.,未知
dromo-,0,Movement; speed.,未知
duo-,0,Two; having two.,未知
duodeci-,0,Twelve; twelfth.,未知
duodeno-,0,Duodenum.,未知
dynamo-,0,Power.,未知
dys-,0,Bad; difficult.,未知
e-,0,Electronic communications.,未知
-ean,0,Forming adjectives and some nouns.,未知
echino-,0,Spiny.,未知
eco-,0,Ecology; the natural environment.,未知
ecto-,0,Outer; external; on the outside.,未知
-ectomy,0,Surgical removal of all or part of a specified organ.,未知
-ed,0,Having; possessing; affected by; characteristic of.,未知
-ed,1,Forming the past tense and past participles of regular (weak) verbs.,未知
-ee,0,Forming nouns from verbs.,未知
-een,0,Forming diminutive nouns.,未知
-eer,0,Forming nouns and verbs.,未知
eigen-,0,Proper; characteristic.,未知
eka-,0,Unknown elements.,未知
elasto-,0,Elastic.,未知
electro-,0,"Relating to, caused by, or connected with electricity.",未知
-ella,0,Genera of bacteria and algae.,未知
-elle,0,Forming nouns.,未知
-ellum,0,Forming nouns.,未知
embryo-,0,An embryo.,未知
-eme,0,Linguistic units that are in systemic contrast with one other.,未知
en-,0,Forming verbs.,未知
en-,1,Within; inside.,未知
-en,0,Forming verbs from nouns and adjectives.,未知
-en,1,Forming adjectives from nouns.,未知
-en,2,Forming past participles of strong verbs.,未知
-en,3,Forming noun plurals.,未知
-en,4,Forming diminutives of nouns.,未知
enantio-,0,"Opposite, opposing.",未知
encephalo-,0,The brain.,未知
-enchyma,0,Cellular tissue.,未知
-end,0,Forming nouns.,未知
endo-,0,Internal; within.,未知
-ene,0,Hydrocarbons.,未知
-ene,1,An inhabitant.,未知
-enne,0,Nouns denoting females.,未知
ennea-,0,Nine.,未知
-ennium,0,A period of years.,未知
entero-,0,The intestine.,未知
ento-,0,Within; inside.,未知
entomo-,0,An insect or insects.,未知
eo-,0,"Early, primeval.",未知
epi-,0,Upon; above; in addition.,未知
equi-,0,Equal; equally.,未知
-er,0,Forming nouns.,未知
-er,1,Forming the comparative of some adjectives and adverbs.,未知
-er,2,Colloquial or humorous nouns and adjectives.,未知
-er,3,Forming verbs.,未知
-ergic,0,"Involving, releasing, or mimicking a specified substance as a neurotransmitter.",未知
ergo-,0,Work; energy.,未知
-eroo,0,An informal and often humorous intensifier of nouns.,未知
eroto-,0,Sexual desire or excitement.,未知
-ery,0,Forming nouns.,未知
erythro-,0,Redness.,未知
-esce,0,"Forming verbs, often denoting the initiation of an action.",未知
-ese,0,Forming adjectives and nouns.,未知
-esis,0,Nouns of action or process.,未知
-esque,0,In the style of; resembling.,未知
-ess,0,Forming nouns denoting the female gender.,未知
-est,0,Forming the superlatives of some adjectives and adverbs.,未知
-est,1,Forming the second person singular of verbs.,未知
-et,0,"Forming nouns, originally diminutives.",未知
eth-,0,A two-carbon chain of atoms.,未知
-eth,1,Forming the third person singular of the present tense of verbs.,未知
ethno-,0,"A nation, people, or culture.",未知
ethoxy-,0,The ethoxyl radical.,未知
-etic,0,Forming adjectives and some nouns.,未知
-ette,0,Forming nouns.,未知
eu-,0,Well; easily.,未知
Euro-,0,European; Europe or European plus another country; Europe; the European Union.,未知
eury-,0,A wide variety or range of something.,未知
ex-,0,Out; upward; thoroughly; removal or release; former.,未知
ex-,1,Out,未知
exa-,0,"In units of measurement, a factor of 1018.",未知
exo-,0,External; from outside.,未知
extra-,0,Outside; beyond.,未知
extro-,0,Outwards.,未知
-facient,0,Producing a specified action or state.,未知
facio-,0,The face.,未知
-faction,0,Nouns of action or associated state.,未知
falc-,0,Sickle-shaped.,未知
fascio-,0,A bundle.,未知
-fashion,0,In some specified manner.,未知
febri-,0,Fever.,未知
femoro-,0,The thigh or thigh bone.,未知
femto-,0,"In units of measurement, a factor of 10-15.",未知
-fer,0,Bearing or carrying.,未知
-fera,0,Animal orders or phyla.,未知
-ferous,0,"Having, bearing or containing something.",未知
ferro-,0,Iron.,未知
-fest,0,"A festival, gathering, or activity.",未知
feto-,0,The fetus.,未知
fibrino-,0,Fibrin.,未知
fibro-,0,Fibres.,未知
-fic,0,Forming adjectives of action.,未知
-fication,0,Nouns of action.,未知
-fid,0,Divided in a specified way or into a specified number of parts.,未知
Finno-,0,"Finland, the Finns or the Finnic languages.",未知
-flation,0,"Economic inflation, especially in a particular field.",未知
flavo-,0,Yellow or yellow-tinted.,未知
-flop,0,Measures of computing speed.,未知
flori-,0,A flower or flowers.,未知
-florous,0,Having flowers of a certain type.,未知
fluoro-,0,Fluorine; fluorescence.,未知
fluvio-,0,River.,未知
-fold,0,A number of parts or facets; multiplied by such a number; relating to folding or to a folded object.,未知
for-,0,Forming verbs and adjectives.,未知
fore-,0,"Before, beforehand, going before, in front of, leading.",未知
-form,0,Having a specified form or number of forms.,未知
-formes,0,Orders of animals.,未知
Franco-,0,France or French.,未知
franken-,0,Genetically modified.,未知
-free,0,Free of or from something indicated by the first element.,未知
fronto-,0,The forehead or front part of something.,未知
fructi-,0,Fruit; fructose.,未知
-fuge,0,"An agent that dispels, drives away or eliminates something.",未知
-ful,0,Full of; having given qualities.,未知
fungi-,0,Fungus.,未知
-fy,0,Make or produce; transform into; become.,未知
galacto-,0,Milk; galactose.,未知
Gallo-,0,France or French; French and �,未知
galvano-,0,Electric current.,未知
gamo-,0,"Marriage or union, fertilization or reproduction.",未知
-gamy,0,"Marriage, fertilization or reproduction.",未知
ganglio-,0,Ganglion.,未知
gastro-,0,The stomach; feeding.,未知
-gate,0,"A scandal, especially a political one.",未知
-gen,0,Generation or creation.,未知
geo-,0,The Earth.,未知
Germano-,0,German or Germany.,未知
geronto-,0,Old age or old people.,未知
-gerous,0,Bearing some specified thing.,未知
-geusia,0,The sense of taste.,未知
giga-,0,"In units of measurement, a factor of one thousand million or 109. In computing, often a factor of 230 (1,073,741,824).",未知
giganto-,0,Great size or extent.,未知
gingivo-,0,The gums.,未知
glacio-,0,Glaciers.,未知
glio-,0,The glia.,未知
-globin,0,A globin compound.,未知
-glossia,0,Speech or language.,未知
glosso-,0,The tongue; speech or language.,未知
-glot,0,Language.,未知
glut-,0,Gluten.,未知
gluteo-,0,The buttocks.,未知
glyco-,0,Sugar.,未知
gnatho-,0,The jaw.,未知
-gnomy,0,Knowledge.,未知
-gnosis,0,Knowledge; recognition.,未知
-gon,0,A plane figure with a specified number of straight sides.,未知
gonio-,0,Angle.,未知
-gonium,0,Organs of reproduction.,未知
gono-,0,Sexual; reproductive.,未知
-gony,0,"Production, genesis or origination.",未知
-grade,0,A division; a method of locomotion.,未知
Graeco-,0,Greece; Greek and �,未知
-gram,0,Something written or recorded in a particular way.,未知
grand-,0,The second degree of parentage or descent.,未知
grano-,0,Granite.,未知
granulo-,0,A granule.,未知
grapho-,0,Writing; the production of images.,未知
-graphy,0,Writing; the production of images; descriptive sciences or studies.,未知
gravi-,0,Weight; gravity.,未知
gymno-,0,Bare or naked.,未知
gynaeco-,0,Female; relating to women.,未知
-gynous,0,Having female characteristics.,未知
gyro-,0,Rotation.,未知
haemo-,0,Blood.,未知
hagio-,0,Saints or holiness.,未知
halo-,0,Halogens; salinity or salt.,未知
haplo-,0,Single or simple.,未知
hapto-,0,Binding or fastening; touching.,未知
-head,0,"The head, in various senses, often figurative.",未知
hecto-,0,One hundred.,未知
-hedron,0,A geometrical solid with a specified number of plane faces.,未知
heli-,0,Helicopter.,未知
helico-,0,Spiral; screw.,未知
helio-,0,The Sun.,未知
hemi-,0,Half; a part.,未知
hendeca-,0,Eleven.,未知
hepato-,0,The liver.,未知
hepta-,0,Seven.,未知
hernio-,0,Hernia.,未知
hetero-,0,Different or other.,未知
hexa-,0,Six.,未知
Hiberno-,0,Irish; Irish and �,未知
hidro-,0,Sweat.,未知
hiero-,0,Sacred or holy.,未知
hind-,0,At the back; posterior.,未知
hippo-,0,Horse.,未知
Hispano-,0,Spanish; Spanish and �,未知
histo-,0,Organic tissue.,未知
holo-,0,Whole or complete.,未知
homeo-,0,Similar.,未知
homo-,0,The same.,未知
homo-,1,Man; human being.,未知
-hood,0,A group of people; a condition or quality.,未知
hyalo-,0,Glassy or transparent.,未知
hydro-,0,Water.,未知
hydro-,1,Hydrogen,未知
hydroxy-,0,Hydroxyl; hydroxide.,未知
hygro-,0,Moisture or humidity.,未知
hylo-,0,Woodlands or wood; matter.,未知
hymeno-,0,A membrane; the hymen.,未知
hyper-,0,Excessive; above normal.,未知
hypno-,0,Sleep; hypnosis.,未知
hypo-,0,Under; below normal; slightly.,未知
hypso-,0,Height; elevation.,未知
hystero-,0,Uterus.,未知
-i-,0,A connecting vowel.,未知
-i,0,Forming plurals.,未知
-i,1,Adjectives and nouns relating to countries.,未知
-ia,0,Forming nouns.,未知
-ian,0,Forming adjectives and nouns.,未知
-iatric,0,Medical practice or treatment.,未知
iatro-,0,A physician or medical treatment.,未知
Ibero-,0,Iberian; Iberian and �,未知
-ic,0,Forming adjectives and some nouns.,未知
-ice,0,Forming nouns.,未知
ichthyo-,0,Fish; fishlike.,未知
-ician,0,Nouns denoting occupations.,未知
icono-,0,An image or likeness.,未知
icos-,0,Twenty.,未知
-ics,0,A subject of study or branch of knowledge.,未知
-id,0,Forming adjectives.,未知
-id,1,Forming nouns.,未知
-ida,0,Taxonomic groups.,未知
-idae,0,Taxonomic groups.,未知
-ide,0,A binary compound of a nonmetallic or electronegative element.,未知
ideo-,0,Idea.,未知
-ides,0,Plant and animal genera.,未知
-idine,0,Organic ring compounds containing nitrogen.,未知
idio-,0,Personal; own.,未知
-idium,0,A structure in a plant or animal.,未知
-ier,0,A person engaged in an occupation or activity.,未知
-ile,0,Forming adjectives and some nouns.,未知
ileo-,0,The ileum.,未知
ilio-,0,The ilium.,未知
-im,0,A plural ending of words from Hebrew.,未知
imido-,0,Various amine derivatives.,未知
immuno-,0,Immune or immunity.,未知
in-,0,Not; without.,未知
in-,1,"In, into.",未知
-in,1,"A gathering of people having a common purpose, typically as a form of protest.",未知
-ina,0,Forming nouns.,未知
-inae,0,Animal subfamilies.,未知
Indo-,0,India; India and �,未知
indo-,1,A chemical substance related to indigo or an indole.,未知
-ine,0,Forming adjectives.,未知
-ine,1,Forming feminine nouns.,未知
-ine,2,Forming nouns.,未知
infra-,0,"Below, underneath, beneath.",未知
-ing,0,Forming nouns derived from verbs.,未知
-ing,1,"Forming the present participle of verbs, and adjectives from nouns.",未知
-ing,2,Forming nouns.,未知
ino-,0,Fibrous tissue or muscle.,未知
-ino,0,Forming diminutives.,未知
inter-,0,Between or among; mutually or reciprocally.,未知
intra-,0,On the inside; within.,未知
intro-,0,Into; inwards.,未知
iodo-,0,Iodine.,未知
-ion,0,Forming nouns denoting verbal action.,未知
-ior,0,Forming adjectives of comparison.,未知
irido-,0,The rainbow; the iris.,未知
ischio-,0,The ischium.,未知
-ise,1,Forming nouns.,未知
-ish,0,Forming adjectives.,未知
-ish,1,Forming verbs.,未知
-ism,0,Forming nouns.,未知
iso-,0,Equal; isomeric.,未知
-ison,0,Forming nouns.,未知
-ist,0,Forming personal nouns and some related adjectives.,未知
-ista,0,A supporter of a person or organization.,未知
Italo-,0,Italian; Italian and �.,未知
-ite,0,Forming nouns.,未知
-ite,1,"Forming adjectives, nouns, and verbs.",未知
-itic,0,Forming adjectives and nouns.,未知
-ition,0,Forming nouns.,未知
-itious,0,Forming adjectives.,未知
-itis,0,Inflammatory disease.,未知
-itive,0,Forming adjectives.,未知
-itol,0,Polyhydric alcohols.,未知
-ity,0,A quality or condition.,未知
-ium,0,Forming nouns; chemical elements.,未知
-ive,0,Showing a quality or tendency.,未知
-ize,0,Forming verbs.,未知
jejuno-,0,The jejunum.,未知
Judaeo-,0,Jewish; Jewish and �,未知
juxta-,0,Near to.,未知
karyo-,0,The nucleus of a cell.,未知
kerato-,0,Horny tissue; the cornea.,未知
keto-,0,Ketone.,未知
kilo-,0,"In units of measurement, a factor of a thousand.",未知
-kin,0,Forming diminutive nouns.,未知
kinesio-,0,Movement.,未知
-kinesis,0,Movement.,未知
-kinin,0,A hormone.,未知
klepto-,0,Thieving.,未知
kypho-,0,Humped.,未知
labio-,0,The lips.,未知
lacto-,0,Milk; lactic acid or lactose.,未知
laevo-,0,On or to the left.,未知
-lagnia,0,Morbid sexual arousal.,未知
-lalia,0,A speech condition or disorder.,未知
lamelli-,0,"A thin scale, plate, or layer.",未知
lamino-,0,A thin layer.,未知
laparo-,0,The abdominal wall.,未知
laryngo-,0,The larynx.,未知
latero-,0,Lateral; to one side.,未知
-latry,0,Worship of a specified thing.,未知
-le,0,Forming nouns.,未知
-le,1,Apt to; liable to.,未知
-le,2,Forming verbs.,未知
-lecithal,0,Having an egg yolk of a given kind.,未知
lecitho-,0,Egg yolk.,未知
-lect,0,A variety within a language.,未知
leio-,0,Smooth.,未知
-lent,0,Full of; characterized by.,未知
lepido-,0,Scales.,未知
-lepsis,0,A figure of speech.,未知
-lepsy,0,A seizure.,未知
lepto-,0,Small; narrow.,未知
-less,0,Without; unaffected by; failure or inability.,未知
-let,0,A thing of a smaller or lesser kind.,未知
leuco-,0,White; whiteness.,未知
ligno-,0,Wood.,未知
limno-,0,Fresh water.,未知
-ling,0,"Forming nouns, often with diminutive or depreciatory implications.",未知
lipo-,0,Fat.,未知
-lite,0,A mineral or fossil.,未知
-lith,0,A stone or stony structure.,未知
-lithic,0,Stone.,未知
litho-,0,Stone.,未知
-logical,0,Relating to a branch of knowledge or experience.,未知
-logist,0,"A person skilled in, or involved in, a branch of study.",未知
logo-,0,Words or speech.,未知
-logue,0,A type of communication or debate.,未知
-logy,0,A subject of study or interest; speech or language.,未知
lopho-,0,Crested.,未知
lumbo-,0,The lower back or loin.,未知
luteo-,0,Yellow; the corpus luteum.,未知
-ly,0,Forming adjectives and adverbs.,未知
lympho-,0,Lymph.,未知
lyo-,0,Dispersion; dissolution.,未知
-lysis,0,Disintegration or decomposition.,未知
lyso-,0,Disintegration of cells.,未知
-machy,0,Fighting.,未知
macro-,0,Long; large.,未知
magneto-,0,Magnetism or a magnet.,未知
magni-,0,Large; great.,未知
mal-,0,Improperly; badly; wrongly.,未知
-malacia,0,Abnormal softening of a tissue.,未知
malaco-,0,Soft.,未知
Malayo-,0,Malay; Malay and �,未知
mammo-,0,A breast or breasts.,未知
-man,0,A male person of a specified type.,未知
-mancy,0,Divination.,未知
mangano-,0,Manganese.,未知
-mania,0,Mental abnormality or obsession; extreme enthusiasm or admiration.,未知
-manship,0,Skill in a subject or activity.,未知
masto-,0,Breast.,未知
matri-,0,A mother.,未知
maxi-,0,Very large or long.,未知
maxillo-,0,The jaw.,未知
mechano-,0,Mechanical.,未知
medico-,0,Medicine plus another field.,未知
medio-,0,Middle.,未知
mega-,0,Large or great; a factor of one million; a factor of 220.,未知
-megaly,0,Abnormal enlargement of part of the body.,未知
meio-,0,Less or fewer.,未知
-meister,0,A person regarded as skilled or prominent in a specified activity.,未知
melano-,0,Black.,未知
-melia,0,An abnormal condition of a limb.,未知
meningo-,0,The meninges.,未知
meno-,0,Menstruation.,未知
-ment,0,Forming nouns.,未知
-mer,0,Part or segment.,未知
mercapto-,0,The chemical radical �SH.,未知
mero-,0,Partly or partial.,未知
mesio-,0,A midline.,未知
meso-,0,Middle; intermediate.,未知
meta-,0,"Change of position or condition; behind, after, or beyond; of a higher or second-order kind; chemical substitution.",未知
metallo-,0,A metal.,未知
-meter,0,Measuring instrument; unit of measurement.,未知
metho-,0,"The methyl radical, �CH3.",未知
methoxy-,0,"The methoxyl radical, CH3O�",未知
-metric,0,Measurement.,未知
metro-,0,The uterus.,未知
metro-,1,Measurement.,未知
metro-,2,A capital city or other large urban area.,未知
-metropia,0,A condition of the eye.,未知
micro-,0,Small; a factor of one millionth.,未知
mid-,0,Middle; medium; half.,未知
midi-,0,Medium-sized; of medium length.,未知
milli-,0,One thousandth; a thousand.,未知
mini-,0,Very small of its kind.,未知
mis-,0,Various senses with negative implications.,未知
miso-,0,Hatred for or a hater of something.,未知
-mo,0,Book sizes.,未知
-monas,0,Simple microorganisms.,未知
-monger,0,A dealer or trader.,未知
mono-,0,One; alone; single.,未知
-mony,0,Forming nouns.,未知
-morph,0,A specified form or character.,未知
-morpha,0,Animal groupings.,未知
morpho-,0,Form or character.,未知
-most,0,Superlative adjectives and adverbs.,未知
muco-,0,Mucus.,未知
multi-,0,More than one; many.,未知
musculo-,0,Muscle.,未知
-myces,0,Bacteria or fungi.,未知
-mycin,0,An antibiotic compound derived from fungi.,未知
myco-,0,Fungi or fungal.,未知
myelo-,0,Bone marrow; the spinal cord.,未知
myo-,0,Muscle.,未知
myringo-,0,The eardrum.,未知
myrmeco-,0,An ant or ants.,未知
mytho-,0,Myth.,未知
myxo-,0,Mucus.,未知
n-,0,Normal; number; negative.,未知
nano-,0,"In units of measurement, a factor of 10-9.",未知
-nap,0,Abduct in order to extract a ransom.,未知
naphtho-,0,Napthalene.,未知
narco-,0,"Stupor, drowsiness, or insensibility; the illicit production and use of drugs.",未知
naso-,0,The nose.,未知
-nasty,0,Nastic movement.,未知
natro-,0,Sodium.,未知
-naut,0,A literal or figurative voyager.,未知
necro-,0,Death; a corpse.,未知
nega-,0,Negative.,未知
nemato-,0,Thread-like in shape.,未知
neo-,0,New.,未知
nepho-,0,Cloud.,未知
nephro-,0,A kidney or the kidneys.,未知
-ness,0,A state or condition.,未知
neuro-,0,Nerves or the nervous system.,未知
neutro-,0,Neutral.,未知
nigro-,0,Black.,未知
-nik,0,A person associated with a specified thing or quality.,未知
nitro-,0,"Containing nitrogen, nitric acid, or nitrates.",未知
noci-,0,Pain.,未知
nocti-,0,Night.,未知
nomo-,0,Law.,未知
-nomy,0,A specified area of knowledge or the laws governing it.,未知
non-,0,Not.,未知
nona-,0,Nine; having nine.,未知
noo-,0,The mind.,未知
nor-,0,An organic compound that is the parent of another.,未知
normo-,0,Normal; close to the average.,未知
noso-,0,Disease.,未知
nuci-,0,A nut.,未知
nucleo-,0,Nucleus; nuclear; nucleic acid.,未知
nudi-,0,Naked.,未知
nulli-,0,Nothing.,未知
nycto-,0,Night.,未知
-o-,0,A linking vowel.,未知
-o,0,Marking informally shortened or slang nouns.,未知
ob-,0,"Towards, to, on, over, or against.",未知
occipito-,0,The occipital bone.,未知
-ock,0,Forming nouns.,未知
octo-,0,Eight; having eight.,未知
oculo-,0,The eye or the sense of vision.,未知
-ode,0,Like; of the nature of.,未知
-ode,1,A conductor of electricity.,未知
-odont,0,Teeth; toothed.,未知
-odontics,0,Specialisms in dentistry.,未知
odonto-,0,A tooth or teeth.,未知
-odynia,0,Pain.,未知
oeno-,0,Wine.,未知
oesophago-,0,The oesophagus.,未知
-oic,0,A carboxyl group or its derivative.,未知
-oid,0,Like; resembling.,未知
-ol,0,An alcohol or phenol.,未知
-ola,0,Diminutives; trade names; humorous or dismissive formations.,未知
-ole,0,Organic chemical compounds.,未知
-ole,1,Forming nouns.,未知
oleo-,0,Relating to or containing oil.,未知
oligo-,0,A small number; having few.,未知
-oma,0,A tumour or other abnormal growth.,未知
ombro-,0,Rain; moisture.,未知
-ome,0,Having a specified nature.,未知
omni-,0,Of all things; in all places.,未知
omphalo-,0,The navel; the umbilical cord.,未知
-on,0,Subatomic particles or quanta; molecular units.,未知
-on,1,Inert gases.,未知
onco-,0,A tumour.,未知
-one,0,"Various chemical compounds, especially ketones.",未知
oneiro-,0,Dreams or dreaming.,未知
-onic,0,Organic acids.,未知
-ont,0,An individual or cell of a specified type.,未知
onto-,0,Existence or being.,未知
-onychia,0,A condition of the nails.,未知
onycho-,0,The nails.,未知
-onym,0,A name.,未知
oo-,0,An egg or ovum.,未知
-oon,0,Forming nouns and derived verbs.,未知
oophoro-,0,The ovary.,未知
ophio-,0,A snake.,未知
ophthalmo-,0,The eyes.,未知
-opia,0,A visual disorder.,未知
opistho-,0,Behind; to the rear.,未知
-opsia,0,A defect of vision.,未知
-opsis,0,Observation or perception; likeness.,未知
-opsy,0,Medical examination.,未知
opto-,0,Vision; light.,未知
-or,0,Someone or something that performs a given action.,未知
-or,1,Forming nouns denoting an abstract state or condition.,未知
-orama,0,A display or spectacle.,未知
orchido-,0,Testicle; orchid.,未知
organo-,0,Bodily organs; organic chemical compounds.,未知
-orium,0,A place for a particular function.,未知
ornitho-,0,A bird or birds.,未知
oro-,0,Mountains.,未知
oro-,1,The mouth.,未知
ortho-,0,Straight; correct; upright.,未知
-ory,0,A place having a particular function or character.,未知
-ory,1,Relating to or involving an action.,未知
-ose,0,Having a specified quality.,未知
-ose,1,Sugars and other carbohydrates.,未知
-osis,0,"Abstract nouns of action, state, or process.",未知
-osity,0,Forming nouns.,未知
-osmia,0,An abnormal condition of the sense of smell.,未知
osmo-,0,Osmosis.,未知
osteo-,0,The bones.,未知
-otic,0,Forming adjectives and nouns.,未知
oto-,0,The ears.,未知
-our,0,Forming nouns.,未知
-ous,0,Forming adjectives.,未知
out-,0,Surpassing; external; away from.,未知
ovario-,0,An ovary.,未知
over-,0,Excessively; extra; outer; above.,未知
ovi-,0,"Eggs, ova.",未知
oxy-,0,"Sharp, acid.",未知
oxy-,1,Oxygen.,未知
pachy-,0,Thick.,未知
paedo-,0,Child; relating to children.,未知
-pagus,0,Conjoined twins.,未知
palaeo-,0,Ancient.,未知
palato-,0,Palate.,未知
palin-,0,Again.,未知
pan-,0,All-inclusive.,未知
pancreato-,0,The pancreas.,未知
papillo-,0,A papilla.,未知
papulo-,0,A papule.,未知
para-,0,Beside; adjacent to.,未知
para-,1,Protection; parachuting.,未知
parieto-,0,Body cavity; hollow structure.,未知
-parous,0,Bearing; producing.,未知
partheno-,0,Without fertilization.,未知
patho-,0,Disease.,未知
-pathy,0,Disease or disorder; treatment of disease.,未知
patri-,0,Father.,未知
-ped,0,Having feet of a given type or number.,未知
pedi-,0,Foot.,未知
-pedia,0,Compendium of information.,未知
pedo-,0,Soil or soil types.,未知
pelvi-,0,The pelvis.,未知
pene-,0,Almost; nearly.,未知
-penia,0,Deficiency in a component of the blood.,未知
penta-,0,Five; having five.,未知
per-,0,Through; all over; completely.,未知
peri-,0,Round; about.,未知
pero-,0,Deformity.,未知
-person,0,Gender-neutral alternative to �man� in compounds.,未知
peta-,0,"In units of measurement, a factor of 1015.",未知
-petal,0,Seeking; moving towards.,未知
petro-,0,Rocks; petroleum.,未知
-pexy,0,Surgical operation for fixing an organ in position.,未知
phaco-,0,Lens of the eye; lens shaped.,未知
phaeo-,0,Dusky.,未知
phago-,0,"Feeding, eating.",未知
-phagy,0,Feeding or subsisting on a specified food.,未知
phallo-,0,Penis.,未知
-phane,0,Having a given appearance.,未知
phanero-,0,Visible.,未知
pharmaco-,0,"Drugs, medicines.",未知
pharyngo-,0,Pharynx.,未知
-phasia,0,Speech disorder.,未知
pheno-,0,Benzene compounds; showing.,未知
-phile,0,Lover of or enthusiast for; having an affinity with a given thing.,未知
philo-,0,Liking for a specified thing.,未知
phlebo-,0,A vein.,未知
-phobia,0,Extreme or irrational fear or dislike.,未知
-phone,0,Sound.,未知
phono-,0,Sound.,未知
-phore,0,"An agent, bearer, or producer of a specified thing.",未知
phospho-,0,Phosphorus; light.,未知
photo-,0,Light; photography.,未知
-phrenia,0,Mental disorder.,未知
-phyceae,0,Alga.,未知
phyco-,0,Seaweeds and algae.,未知
-phyll,0,Leaf.,未知
phyllo-,0,Leaf.,未知
phylo-,0,Race; group.,未知
-phyre,0,Porphyritic rocks.,未知
physico-,0,Physical; physical and �,未知
physio-,0,Nature; physiology.,未知
physo-,0,Air or gas.,未知
-phyte,0,A plant or plant-like organism.,未知
phyto-,0,A plant.,未知
pico-,0,"In units of measurement, a factor of 10-12.",未知
picro-,0,Bitter tasting; picric acid.,未知
piezo-,0,Pressure.,未知
pilo-,0,Hair.,未知
pinni-,0,"Wings, fins, or feathers.",未知
pisci-,0,Fish.,未知
-pithecus,0,Genera of fossil apes.,未知
placo-,0,A plate.,未知
plagio-,0,Oblique.,未知
plano-,0,Level or flat.,未知
-plasm,0,Growth or development; living substance; tissue.,未知
plasmo-,0,Plasma or plasm.,未知
-plasty,0,Reconstructive surgery.,未知
platino-,0,Platinum.,未知
platy-,0,Broad or flat.,未知
-plegia,0,Paralysis.,未知
pleo-,0,More.,未知
pleuro-,0,The pleurae; the side of the body.,未知
-plex,0,Having a given number of parts or units.,未知
-ploid,0,The number of sets of chromosomes in a cell.,未知
-ploitation,0,Commercial exploitation in film and other media.,未知
plumbo-,0,Lead.,未知
pluri-,0,Several.,未知
pneumo-,0,The lungs; air or gas; spirit.,未知
-pnoea,0,"Breath, respiration.",未知
-pod,0,Foot or feet.,未知
podo-,0,Foot.,未知
-poiesis,0,"Production, formation.",未知
poikilo-,0,Variegated; variable.,未知
polio-,0,Tissue in the nervous system; grey matter.,未知
-polis,0,A city.,未知
politico-,0,Politically; political and �,未知
poly-,0,"Many, much.",未知
porno-,0,Pornography.,未知
poro-,0,A pore.,未知
post-,0,After in time or order.,未知
postero-,0,Posterior.,未知
-praxia,0,Action; practice.,未知
pre-,0,Prior to; before; earlier; in front of.,未知
presby-,0,Elder; aging or old age.,未知
preter-,0,More than.,未知
pro-,0,"Favour or support; forwards, out, or away; substitute or deputy.",未知
pro-,1,"Before in time, place, order, etc.",未知
procto-,0,Anus or rectum.,未知
prop-,0,A three-carbon chain of atoms.,未知
proso-,0,"Towards, forward, anterior.",未知
prosopo-,0,Face; person.,未知
proteo-,0,Protein.,未知
proto-,0,Original or first; primitive or ancestral.,未知
pseudo-,0,False; imitative.,未知
psilo-,0,"Bare, smooth.",未知
psycho-,0,The mind; psychology.,未知
-ptera,0,Winged animals.,未知
pterido-,0,A fern.,未知
ptero-,0,A wing.,未知
pterygo-,0,Wing-like.,未知
ptyalo-,0,Saliva; salivary gland.,未知
pur-,0,"Forwards, out, or away.",未知
pycno-,0,Compact; dense.,未知
pyelo-,0,The pelvis of the kidney.,未知
pygo-,0,The buttocks.,未知
pyloro-,0,The pylorus.,未知
pyo-,0,Pus.,未知
pyro-,0,Fire.,未知
quadri-,0,Four; having four parts; square.,未知
quasi-,0,Seemingly; apparently but not really; partly or almost.,未知
quinque-,0,Five; having five parts.,未知
quinti-,0,Five; the fifth in a series.,未知
rachi-,0,The spine.,未知
radio-,0,Radiation; radio waves.,未知
radio-,1,The radius bone.,未知
re-,0,Again; back.,未知
recti-,0,Straight; right; correct.,未知
recto-,0,The rectum.,未知
-rel,0,Forming nouns.,未知
reni-,0,The kidneys; kidney-shaped.,未知
reticulo-,0,Net-like; reticulated.,未知
retino-,0,The retina.,未知
retro-,0,Directed backwards; behind.,未知
rhabdo-,0,A rod or rodlike structure.,未知
rheo-,0,Current or flow.,未知
rhino-,0,The nose.,未知
rhizo-,0,A root or roots.,未知
rhodo-,0,Rose-coloured.,未知
rhyncho-,0,Snout or beak.,未知
roentgeno-,0,X-rays.,未知
Romano-,0,Roman; Roman and �,未知
-rrhagia,0,An excessive flow or discharge.,未知
-rrhaphy,0,Surgical sewing or suturing.,未知
-rrhoea,0,Discharge; flow.,未知
Russo-,0,Russian; Russian and �,未知
-s,0,Noun plurals.,未知
-s,1,Third person singular of the present tense of verbs.,未知
-s,2,Nicknames or pet names.,未知
-s',0,Plural possessive nouns.,未知
saccharo-,0,Sugar.,未知
sacro-,0,Sacrum.,未知
salpingo-,0,Fallopian tube.,未知
-san,0,Japanese honorific.,未知
sangui-,0,Blood.,未知
sapro-,0,Putrefaction or decay.,未知
sarco-,0,Flesh or fleshy tissue; muscle.,未知
-saur,0,"Reptiles, especially extinct ones.",未知
sauro-,0,Lizard.,未知
-scape,0,"A specified type of scene, or a representation of it.",未知
scapho-,0,Boat-shaped.,未知
scapulo-,0,The shoulder blade.,未知
scato-,0,Dung or excrement.,未知
schisto-,0,Fissure or split.,未知
schizo-,0,Divided or split.,未知
sclero-,0,Hard; hardening.,未知
-scope,0,"An instrument for observing, viewing, or examining something.",未知
Scoto-,0,Scotland or the Scots; Scotland and �,未知
scoto-,1,Darkness.,未知
scypho-,0,Cup-shaped.,未知
se-,0,Apart; without.,未知
sebo-,0,"Oil, fat, or grease.",未知
-sect,0,Divided or cut.,未知
seismo-,0,An earthquake.,未知
seleno-,0,The moon.,未知
seleno-,1,Selenium.,未知
self-,0,"Oneself, itself.",未知
semi-,0,Half; a part.,未知
semio-,0,Sign; communication.,未知
-sepalous,0,Having sepals of a given type.,未知
septi-,0,Seven.,未知
Serbo-,0,Serbian; Serbian and �,未知
seric-,0,Silk.,未知
sero-,0,Serum; a serous membrane.,未知
sesqui-,0,One and one half.,未知
seti-,0,A bristle.,未知
sexi-,0,Six.,未知
-ship,0,Forming abstract nouns.,未知
sialo-,0,Saliva; salivary gland.,未知
sidero-,0,Iron.,未知
silico-,0,Silicon.,未知
sinistro-,0,Left; the left side; left-handed.,未知
sino-,0,A sinus.,未知
Sino-,1,Chinese; China and �,未知
siphono-,0,Siphon.,未知
sito-,0,Food.,未知
Slavo-,0,Slavs; Slavonic languages in relation to others.,未知
-smith,0,A skilled worker with a specified material.,未知
-soever,0,Of any kind; to any extent.,未知
-sol,0,Soil.,未知
somato-,0,The body.,未知
-some,0,Forming adjectives.,未知
-some,1,A group of a specified number.,未知
-some,2,"A part of a body, especially a cell.",未知
-something,0,A person whose age falls into a given decade.,未知
somni-,0,Sleep.,未知
sono-,0,Sound.,未知
-sophy,0,A system of thought.,未知
sous-,0,Subordinate; beneath.,未知
spasmo-,0,A spasm.,未知
-speak,0,A manner of speaking.,未知
spectro-,0,Spectrum.,未知
-sperm,0,Seed.,未知
spermato-,0,Semen or sperm.,未知
spheno-,0,Wedge-shaped.,未知
-sphere,0,A broadly spherical object or region.,未知
sphero-,0,A sphere; spherical.,未知
sphingo-,0,Compounds isolated from the brain and nervous tissue.,未知
sphygmo-,0,The pulse.,未知
spini-,0,Thorn or spine; the spine or spinal cord.,未知
spiro-,0,Spiral; coiled.,未知
spiro-,1,The breath; breathing.,未知
splanchno-,0,The viscera; intestines.,未知
spleno-,0,The spleen.,未知
spondylo-,0,A vertebra.,未知
spongio-,0,A sponge; sponge-like.,未知
-spore,0,A spore.,未知
sporo-,0,A spore.,未知
squamo-,0,A scale.,未知
stanno-,0,Tin.,未知
staphylo-,0,The uvula; a bunch or cluster.,未知
-stasis,0,Slowing down; stopping.,未知
-stat,0,Something that maintains a controlled state.,未知
stato-,0,Resting; equilibrium; balance.,未知
steato-,0,Fat.,未知
stego-,0,Covered; hidden.,未知
steno-,0,Small; constricted.,未知
step-,0,A relationship resulting from a remarriage.,未知
-ster,0,A person or thing associated with an activity or quality.,未知
stercor-,0,Faeces; dung.,未知
stereo-,0,Solid; three-dimensional.,未知
sterno-,0,The breastbone or sternum.,未知
-sterol,0,A sterol.,未知
-sterone,0,A steroid hormone.,未知
stibo-,0,Antimony.,未知
stomato-,0,The mouth; a opening.,未知
-stome,0,A mouth.,未知
-stomy,0,A surgical operation to create an opening in an organ.,未知
strati-,0,A layer; layered.,未知
strepto-,0,Twisted.,未知
-stress,0,A female person associated with a specific activity.,未知
-style,0,In a characteristic manner.,未知
-style,1,Having columns of a specified type.,未知
stylo-,0,Style; stylus.,未知
stylo-,1,"A column, pillar, or tube.",未知
sub-,0,A lower level or position; somewhat or nearly; secondary action.,未知
sulpha-,0,A drug derived from sulphanilamide.,未知
sulpho-,0,Sulphur.,未知
super-,0,"Above, over, or beyond; great or large; of a higher kind.",未知
supra-,0,Over or above; transcending.,未知
sur-,0,"Over, above, beyond; additional.",未知
-sy,0,Forming nouns and adjectives.,未知
syn-,0,United; acting or considered together; alike.,未知
synchro-,0,Synchronous.,未知
syndesmo-,0,"Connective tissue, especially ligaments.",未知
syringo-,0,A tube or long cavity; a fistula.,未知
tacho-,0,Speed.,未知
tachy-,0,Rapid.,未知
taeni-,0,Ribbon; tapeworm.,未知
talo-,0,The ankle bone.,未知
-tard,0,"Mainly in the US, a stupid or annoying person.",未知
tarso-,0,The tarsus.,未知
-tastic,0,"Something outstanding, superb, or excellent.",未知
tauro-,0,Ox or bull.,未知
tauto-,0,The same.,未知
-taxis,0,Arrangement or order; movement in response to an external stimulus.,未知
taxo-,0,"Order, arrangement, classification.",未知
-technics,0,A technology or skill.,未知
techno-,0,"Technology, especially its impact or implications.",未知
tectono-,0,Tectonics.,未知
-teen,0,Forming the names of numerals from 13 to 19.,未知
tele-,0,To or at a distance.,未知
teleo-,0,Perfect; complete.,未知
telluro-,0,Tellurium; the earth.,未知
telo-,0,End; purpose.,未知
temporo-,0,The temporal bones.,未知
-tene,0,Stages in cell division.,未知
teno-,0,A tendon.,未知
tephro-,0,Ash; ash-coloured.,未知
ter-,0,Three; having three.,未知
tera-,0,"In units of measurement, a factor of 1012, a million million.",未知
terato-,0,Monsters or abnormal forms.,未知
-teria,0,A self-service establishment.,未知
tetano-,0,Tetanus.,未知
tetra-,0,Four; having four.,未知
-th,0,Forming ordinal and fractional numbers.,未知
-th,1,Forming nouns.,未知
thalamo-,0,The thalamus.,未知
thalasso-,0,The sea.,未知
thallo-,0,A thallus; thallium.,未知
thanato-,0,Death.,未知
thaumato-,0,Wonder or miracle.,未知
-thelium,0,A layer of body tissue.,未知
theo-,0,God or deities.,未知
therio-,0,An animal.,未知
-therium,0,An animal genus.,未知
-therm,0,Temperature; heat.,未知
thermo-,0,Heat; temperature.,未知
thio-,0,Sulphur,未知
thoraco-,0,The chest or thorax.,未知
thrombo-,0,Blood clotting.,未知
-thymia,0,A condition of the mind.,未知
thymo-,0,The thymus.,未知
thyro-,0,The thyroid.,未知
tibio-,0,The tibia.,未知
-tide,0,A festival of the Christian Church; a specified time or season.,未知
titano-,0,"Gigantic, huge.",未知
titano-,1,Titanium.,未知
toco-,0,Childbirth; reproduction.,未知
-tome,0,An instrument for cutting; a section or segment.,未知
-tomy,0,Cutting.,未知
-tonia,0,Muscle tone or tension; a personality state.,未知
tono-,0,tension; tone.,未知
-topia,0,A place with specified characteristics.,未知
topo-,0,Place; position.,未知
toxi-,0,Toxin; toxic.,未知
tracheo-,0,The trachea.,未知
trans-,0,Across; beyond; through.,未知
tri-,0,Three; having three.,未知
tribo-,0,Friction.,未知
tricho-,0,Hair.,未知
-trichous,0,Hairy; having hair.,未知
trito-,0,Third.,未知
-trix,0,Forming feminine agent nouns.,未知
trocho-,0,Wheel-like.,未知
-tron,0,A subatomic particle; an instrument or device.,未知
-trope,0,Form; type; affinity.,未知
-trophic,0,Nutrition; feeding.,未知
tropho-,0,Nourishment.,未知
-tropic,0,Turning; changing; affecting.,未知
-tropism,0,Preferential growth or movement of an organism.,未知
tropo-,0,Turning; change.,未知
-tropy,0,Forming nouns that correspond to adjectives in -tropic.,未知
tubo-,0,A tube.,未知
-tude,0,Forming abstract nouns.,未知
turbo-,0,A turbine.,未知
Turco-,0,Turkish; Turkish and �,未知
-ty,0,Forming nouns.,未知
-ty,1,Groups of ten.,未知
tympano-,0,The drum or eardrum.,未知
uber-,0,Superior.,未知
-ula,0,Forming diminutive nouns.,未知
-ule,0,Forming nouns.,未知
-ulent,0,Abounding in; full of.,未知
ulno-,0,The ulna.,未知
ultra-,0,Beyond; extreme.,未知
un-,0,Negation; reversal of a state.,未知
-uncle,0,"Forming nouns, chiefly diminutives.",未知
undeca-,0,Eleven.,未知
under-,0,Below.,未知
uni-,0,One; having or consisting of one.,未知
unnil-,0,Certain transuranic elements.,未知
up-,0,Up; upwards; higher; increased.,未知
-up,0,An activity.,未知
ur-,0,Primitive; original; earliest.,未知
urano-,0,The heavens; the palate.,未知
urano-,1,Uranium.,未知
ure-,0,Urea.,未知
-ure,0,Forming nouns.,未知
-ure,1,Forming nouns.,未知
-uret,0,A binary compound.,未知
uretero-,0,The ureter.,未知
urethro-,0,The urethra.,未知
-urgy,0,The art or process for working with something.,未知
-uria,0,"A substance present in the urine, especially in excess.",未知
urino-,0,Urine; the urinary system.,未知
uro-,0,The tail or the tail part of the body.,未知
uro-,1,Urine or the urinary organs.,未知
utero-,0,The uterus.,未知
-ution,0,Forming nouns.,未知
vagino-,0,The vagina.,未知
vago-,0,The vagus nerve.,未知
-valent,0,Combining power.,未知
varico-,0,A varicose vein.,未知
vaso-,0,A vessel.,未知
veno-,0,A vein.,未知
ventriculo-,0,A ventricle.,未知
vermi-,0,A worm.,未知
vesico-,0,A blister; the urinary bladder.,未知
vibro-,0,Oscillation; shaking.,未知
vice-,0,Deputy; assistant.,未知
viginti-,0,Twenty.,未知
-ville,0,A fictitious place indicating some quality.,未知
vini-,0,Wine.,未知
viro-,0,A virus.,未知
viscero-,0,The viscera.,未知
visco-,0,Sticky; thick.,未知
visuo-,0,Sight; vision.,未知
vitelli-,0,The yolk of an egg.,未知
vitro-,0,Glass; glassy.,未知
vivi-,0,Alive; living.,未知
-vore,0,An organism living on a given type of food.,未知
vulvo-,0,"The female external genitals, the vulva.",未知
-ward,0,In a specified direction.,未知
-ware,0,Items of a specified type or for a given purpose; classes of computer applications.,未知
-ways,0,"Way, direction, or manner.",未知
-wide,0,Extending throughout the specified area or scope.,未知
-wise,0,In a given way or manner; with respect to or concerning.,未知
with-,0,"Away, back, against, in opposition to.",未知
-woman,0,Woman.,未知
-word,0,In reference to a word that may be offensive.,未知
-work,0,Things made of a specified material or in a particular way.,未知
-worthy,0,Deserving; suitable or fit for.,未知
-x,0,Forming the plural of many nouns ending in -u taken from French.,未知
xantho-,0,Yellow.,未知
xeno-,0,Foreign; different.,未知
xero-,0,Dry.,未知
xipho-,0,Sword; sword-shaped.,未知
xylo-,0,Wood.,未知
y-,0,An archaic form marking the past participle.,未知
-y,0,Full of; having the quality of; inclined to; apt to.,未知
-y,1,"Forming affectionate or pet names, or nouns that imply smallness.",未知
-y,2,"A quality, state, action, or entity.",未知
yester-,0,Yesterday.,未知
-yl,0,Forming names of chemical radicals.,未知
-yne,0,Hydrocarbons containing a triple bond.,未知
zetta-,0,"In units of measurement, a factor of 1021 or one sextillion.",未知
-zoic,0,Relating to a given geological aeon or era.,未知
zoo-,0,Animal; animal life.,未知
-zoon,0,Types of animal.,未知
zygo-,0,Joining or pairing.,未知
zymo-,0,Enzymes or fermentation.,未知
